Item Number,Description,Store Opening
221200901,"Contactor,24V CC 9A 1NC",0
221200951,"Motor,Reducer Side Brush Left",0
211209103,"Hose Swivel Vapor Recovery, 3/4"" Co-Axial, Gilbarco, P/N : M07911B001",0
211200966,C Meter,0
221202973,"Display, A9 Board, Istobal, P/N:9614000",0
221202821,"Right Rear Fairing, Blue Color,Istobal,P/N SP010371",0
211205806,"Vent, OPW 3"" Pressure Vacuum, 1 OZ. Pressure,OZ. Vacuum",0
221201258,"Transmiter, Short Range Photoelec. (Only On Drier)",0
211205570,"Hose, 3/8"" Tuff Skin",0
221201484,"Switch, Compression",0
221201375,"Regulator, 1/8",0
221201458,Axle,0
221201587,"Fitting, Distributor 1/2""",0
221201300,"Belt, 25 x 2.5 x 5300 Flat",0
221201437,"Nozzle, 1/4 INOX, 10-3, 6-15",0
221201134,16E/16S,0
221202798,"LED¿s Lamp, Red with Holder,Istobal,P/N 31CS000",0
221201591,"Support, With Bearing D25",0
211200959,"Kit,Ultra HI Valve Conversion (1-12"")",0
221202825,"Pipe Assy. Shampoo,Istobal,P/N 33EQ800",0
221201670,"Detector,D 18-6M  Inductive",0
221202816,"Front Cover Big,Istobal,P/N 2967000",0
211205790,"Valve, 2"" OPW Emergency Shut-Off Female Thread",0
211200982,"Board, PCA Pump Interface",0
211201003,"Totalizer,Electro-Mechanical",0
221200950,"Motor,Reducer Side Brush Right",0
211209048,"Hydro Cyclones, Freylit, P/N: BA 65",0
221201353,"Receiver, Photo-Electric (B51 D)",0
221100278,"Electro Pump, 3CV 380 V 50Hz (2.2 KW)",0
211201139,"Assy, Controller Board",0
211100317,"Magnetostrictive probe, Mag 1 Series 8463, 2.67m, Gilbarco-Veeder Root 2, P/N 0846366-116",0
221201584,"Cover, Top Profile",0
211100345,"Assembly, Display Door",0
221201459,Axle,0
221303714,"Sealant, Thread",0
211201125,"Kit, Poppet",0
221202951,"Chain, Hose Support",0
211100254,"Pump, Air Separator & Assy",0
221202811,"Front Air Pipe,Istobal,P/N 2985700",0
211201059,"Assy, Aux Power supply Encore",0
221201457,Pulley Support,0
211204745,Capacitor 25mfd for 1.5HP Pump,0
221201671,"Regulator, 1/4"" Pressure",0
211205538,"Valve, Air Control",0
221634029,"Hose, 3/4"" NPT Swivel Female Thread W/NPT Adapter and 3/4"" NPT Male Adapter Fitting 20 M Fuel",0
221202824,"Support, M25 Geared Motor,Istobal,P/N 33AJ800",0
221202808,"Rear Water Pipe,Istobal,P/N 2985400",0
221201573,"Gear Box, Right - 0.12 KW S 66RPM",0
211205640,"Sensor, Vapor",0
910000063,"Converter, 1X230V 1,1KW Frequency",0
221100164,"Hose, 3/4""x 60m, 200 bar WP W/3/4"" NPT Swivel Female Thread W/NPT Adapter on both ends HP",0
211204746,Capacitor 40 mfd for 2 HP Pump,0
211205754,"Lid, Sump with Gasket LS0033OC/SM4500 (TCI-PE)",0
221201241,Power Supply 24VDC ET,0
221201586,"Fitting, Distributor 3/8""",0
211100133,V+ Meter Assy. (E-Cal),0
211204733,"Detector,FX1V Mechanical Line (Gasoline) Leak",0
211201121,"Breakaway, CATLOW 3/4"" Magnetic",0
221201076,"Eje Rodillo (Conveyor Bush bolt), ISTOBAL, P/N 29703SP",0
221201352,"Emitter, Photo-Electric (B51 D)",0
221201448,"Pneumatic Cylinder, small vertical brush",0
221201689,"Contactor,24V. CA 12A",0
211200893,"Swivel, Multi Plane Hose, 1INx1IN NPT, OPW - P/N 0241-TPS1000 or Hockman-Lewis - P/N 0087",0
221202801,"Cover, Middle hor. Brush column,Istobal,P/N 32QC300",0
211201054,"PCA, Door Node 4",0
221200938,"Switch,7-10A Protect",0
211204750,"UMP 150U3-3, 200-250V, 1.5 HP, 1PH",0
211205807,"Power Supply, TLS-350/350 Plus/350R PCB",0
211209057,"Fine Filter 5/4"" And 2"", Freylit, P/N: RS-FILTER-ES-2-100",0
221201672,"Reducer Brush220/380-50Hz, Transfer Motor",0
221200920,"Distributor,Shampoo Pipe",0
221622108,"Meter, 250K-4G Ohms, 1mA, 6VDC max, 200mA min, 0.01 to 40 Ohms, Mega OHM",0
221201324,RUEDA LIBRE IZQUIERDA,0
211200887,"Filter,Diesel-30 Micron, Gilbarco-P/N M08007B030 or Petroclear--Model 40530W-AD or Equivalent",0
221201422,"Valve, Electro, 2/2-24 CA, Istobal, P/N:2355300",0
221202822,"Left Rear Fairing, Blue Color,Istobal,P/N SP010369",0
221201654,"Ring, 80 Bar Pump",0
221201494,"Hinge, Male Metallic",0
221202799,"PNEU.PROPORT.PUMP 12L/H 4 BAR,Istobal,P/N 2006300",0
221202802,"Hoses Support Chain,Istobal,P/N 2203800",0
221201608,"LED's Lamp, Green",0
221201595,"Transmission Axis, Motor Wheel",0
221201154,"Absorber, N290 Shock",0
211205555,Plunger Kit 22 MM,0
221201568,"Socket, Joint-90 deg.3/8""M-H",0
221201417,Guide Wheel,0
221100264,"Motor, Gear Box 230V 50 HZ R41/34",0
211209276,"Pump Control Node 3, Encore, Gilbarco, P/N:M12702A202",0
221510060,"Shoes,  SZ:41 S3 SRC High Cut Safety",0
221200929,"Switch,11-16A Protect",0
211205690,"Gauge, Pressure",0
211205744,"Module, Five input Vapor Sensor Interface",0
221201438,"Nozzle, 1/4 PVDF, 3-7, 72-60",0
221201655,"Gasket, with Ring, 80 Bar Pump",0
221201089,"Emitter, Photo electric Amp (E)",0
221201255,"Detector, Inductive D18-3H- 10M  Leveled",0
211205778,"Nozzle, 5/8"" OPW Yellow Skin",0
221201430,Transducer of 4TC-1000,0
221202809,"Front Water Pipe,Istobal,P/N 2985500",0
211201069,"Swivel, 3/4"" M.X3/4"" F. NPT Hose End",0
221201662,"Motor, Transfer  Reducer  Brush 220/380-50Hz",0
221201521,Luminous Forward Stop on Gantry,0
211201071,"PPP, Legacy English",0
211200504,"Lights, LED, Internal (ATEX), Fuelco, P/N F-WOQ-1014",0
221201500,"Hinge, Displaced Type A",0
211205724,"Cap,OPW V/R 4"" Orange",0
211205783,DPLLD Sensor W/out Swift Check Valve,0
221202817,"Front Cover Small,Istobal,P/N 2967100",0
221201656,"O-ring, 80 Bar Pump",0
211100319,Interstital Sensor Interface Module,0
221201142,"Converter, Frequency",0
221201251,"Plate, IO/AUX",0
221201128,"Plate, Left Carriage",0
221202810,"Intermediate Water Pipe,Istobal,P/N 2985600",0
211205556,Valve Kit,0
221200971,"Detector,D12-3H-10M Inductive",0
221201485,"Switch, Three-Poles + N 63A",0
221201084,"Detector,D30-3H-5M (SQ3 & SQ4) Inductive",0
221201398,"Wheel, Guide",0
221201250,"Plate, INPUT/OUTPUT  Iocom Comunication",0
221201341,"Sticker, Control Panel Key pad",0
221201501,"Support, 4TC Swinging",0
211100337,DPLLD Risk Management S/W For TLS450,0
211205769,"Sensor, Solid State discriminating Interstitial",0
221201309,"Holder, W/Spring Loaded Sensor",0
211201070,"Assy, Power Supply Encore/Eclipse",0
221200935,"Drive,Wash Gear Box",0
221201403,"Holder, Brushes",0
211200886,"Filter,Petrol-10 Micron, Gilbarco - P/N M08007B010 or Petroclear - Model 40510W-AD or Equivalent",0
221201147,"Module, ASI 2E/2S Rele",0
221201516,Cogwheel,0
211204748,"UMP, 200U3 - 4, 2HP, 250V, 1PH",0
211100335,"Detector, CSLD Continous Statistical Tank Leak",0
211200937,"STRNR,High Capacity",0
221201334,"Spring, Compression",0
211208621,"TLS-450 Plus SD Card, Gilbarco, P/N 333565-001",0
221200942,"Convert,1X230V. 1.5KW Frequency",0
221201419,Tooth Belt,0
221201343,"Link, Conveyor Chain",0
211205568,Belt 8 X 37,0
211201116,"Nozzle, HUSKY 3/4"" NPT Unleaded spout W/3 notch hold clip Automatic",0
221201225,"Valve, 6/4-3/8"" Injection",0
211204744,"Riser Pipe Red Jacket 15.5"" X 4"" Dia NPT Both End",0
211205752,"Vent, 3"" OPW Open",0
211205566,"Head, Manifold",0
211209101,"Breakaway: Catlow CAM TWIST Magnetic 3/4"" CTMV (VR), Gilbarco, P/N : M13090B003",0
221201381,"Electro-Valve, 3 Vias  80 Bar",0
221201317,Carriage Support,0
221201253,"Belt, Flat 25X2,5",0
211201045,"Spring,Lift To Start Encore",0
221200932,"Receiver,Photo-Electrical (B1)",0
211200932,"PCA,Door Node2",0
221300817,"Cap, Dust 300 Camlock  Aluminum 3'' with Seal and Chain, DIXON, P/N 300-DC-AL-T",0
221201449,"Holder, M12  pneumatic cylinder of small brush",0
221201254,"Detector, Inductive D18-3H-10M  Not Leveled",0
221201310,"Holder, Outer Bearing Shaft",0
221201631,"Motor-ED, 230/400V 50Hz S.68",0
211204770,"Control Box, Red Jacket Pump IQ",0
221201647,"Cover, Blue Color  Wheel Wash Opening",0
211100324,"Valve, Shutoff OPW 1-1/2"" BSP Internal Model",0
221201146,"Feeding power ASI 2, 4A",0
221201665,"Receiver,Photo-elctric",0
211209105,"Hose, Vac Assist 3/4""x13'0"" BK Goodyear, Gilbarco, P/N : HHA6G130BKC2",0
221201511,"Support,M25 Oscillating",0
211201077,"Hose,3/4""X15Ft. Steelflex Hardwall W/3/4"" Swivel Valve Both End Fuel",0
221201301,"Belt, 25 x 2.5 x 2650 Flat",0
221201377,"Cylinder, D63X23 Pneumatic",0
221201315,"Pump, AIR Unit (Auto Car Wash  Recycling Unit)",0
211201011,"Hose,1""X15Ft. Steelflex Hardwall W/1"" Swivel Valve Both End Fuel",0
221201256,"Transmiter, Long Range Photoelec.",0
221201649,"Cover, Blue Color Back Upper",0
221201155,"Spring, Extension",0
221201428,"Regulator Filter, 1/4"" Pressure Stat",0
211100346,"Assembly, Printer Door",0
211100329,"Module, TLS 450 Universal Sensor/ Probe Interface",0
211201164,"PCA, SP-III Door Node 5",0
211200892,"Swivel,3/4"" MX3/4"" F NPT Two Plane",0
221201366,"Brush, Shaft",0
211200976,"LCD,Main Display (0.6CM.)",0
211204747,"Seal,CR-10 Water Pump Shaft",0
211100326,"Valve,""OPW"" 2"" Single Poppet Mdl.#10RFT-5742 Shutoff",0
211205578,"Union, Screw",0
221200958,"Drive,Roller",0
221202831,"Pipe Assy. Lateral High Pressure,Istobal,P/N 33FK100",0
221201083,"Detector,D30-3H-2M (SQ5 & SQ6) Inductive",0
211201152,"PCA, Ultra High Interface",0
211209056,"Casing,  2"", Fine Filter, Freylit, P/N: F76S 2"" AA",0
211209037,"Roller, Axis , Istobal, P/N: 2649500",0
221201564,"Valve, Regulating-Wheel Wash",0
221201676,"Pump, Dosing 3 L/H  Pneumatic",0
221201355,"Sensor, Ind.B36   Speed Reducer",0
211200876,"Meter,Assy. Check Valve",0
221201259,"Receiver, Short Range Photoelec. (Only on Drier)",0
211205540,"Coupling Element,(Red) Between Motor & Vaccum Assembly",0
221201668,"Valve, 1/2"" 2/2-24V.CC Electro",0
211200889,"Nozzle,1"" BSP High Capacity",0
211208623,"Valve, Non-Return, DESMI P/N 514162 or Equivalent",0
221200902,"Sender,Photo-electric",0
221200948,Relais 1 CT 1mA/5A 24V. CA/CC,0
211205642,"Valve, Pressure Relief",0
211209252,"Hand Insulator, OPW 11-A Blue",0
211205654,Valve Kit,0
221201625,"Transformer, 24V 100VA Drier",0
221201373,"Connector, 12-1/2M Plastic",0
211205606,"Swivel, SS -90 deg Ceiling Boom",0
211209254,"Hand Insulator, OPW 11-B Blue",0
211205581,"Seal, Crank Shaft",0
221201090,Flange support W/Bearing,0
221201499,"Hinge, Displaced Type B",0
221201345,"Supporter Plate, Vertical Brush",0
221100265,"Motor, Gear Box 230V 50HZ R41/34",0
221100274,"Motor, Horizontal Brush Elevation",0
221200978,"Sender,Photo-Electric (B3)",0
211200497,"Button, E-Stop, Fuelco, P/N F-WOQ-1007",0
221201653,"Ring, Protector, Istobal, P/N:9583300",0
221201451,"Valve, Aspiration 6/4",0
221201220,"Ball, 3/8"" Straight",0
211209033,"Support, Detector, Istobal, P/N: 2689900",0
221201387,"Bolt, Union",0
221201291,"Hinge, Axle",0
211201157,"Yellow Guard, ¾IN NPT Inlet Nozzle, 13/16IN Spout, OPW ¿ P/N 11ALPI-990WQ or Hockman-Lewis, P/N 159404N-05",0
221201237,"Panel, 4"" TP177B COL. Touch",0
221201493,"Hinge, Female Metallic",0
221200921,"Switch,2P 10A Magneto-Thermical",0
221202950,"Cover, Entry Mobile",0
221201169,"Adapter, 6-1/8"" Tee",0
211201098,"Assembly, PPP",0
221201263,"Valve, 3/2 Addition Double Electro",0
221201195,"Limiter, Tilt Ram",0
221201684,"Converter, Frec 1X220V,0.75 KW",0
221201348,"Clamp, Vertical Brush",0
221201443,"Electro-Valve, 1/8"" 2/2-24V CC",0
211100336,Accuchart II/BIR EDIM Factory Installed,0
221201325,"Wheel, Right Free, Istobal, P/N:33DZ500",0
221100272,"Motor, Top/ Bottom Horizontal Inclination Type",0
211100128,"PCA, Pump Control Node 2",0
211201115,"Motor, 3/4 HP 220/230V 1PH",0
211205612,"Hose, 3/8"" 300 PSI Black Color Rubber Air",0
221201145,"Module, ASI 4E/4S",0
221201407,"Wheel, Guide Reels",0
221200005,"Hose, 1/4"" Black Color 300PSI Rubber Air",0
211205553,"U Seal, Plunger LT5030.1",0
221201358,"Receiver, Photo-Electric",0
221201120,"Guide, Wheel",0
221202807,"Retainer Clip PVC D40,Istobal,P/N 1237900",0
221201077,Apoyo Cadena ( Conveyor Bush),0
221201452,"Support, Motor Reducer",0
211209100,"Nozzle, V/R Vac Assist Alum, Catlow ICVN Series Green, Gilbarco, P/N : M12651B015",0
211205723,"Adaptor,OPW V/R 4"" GR 3"" BSP Thread",0
221201487,"Lamp, Blue LED's",0
221200931,"Receiver,Photo-Electric (B1), ISTOBAL, P/N:15677SP",0
221201574,"Gear Box, Left - 0.12 KW S 66RPM",0
221201399,"Rubber, O-Ring 71 x 5",0
221201323,SOPORTE RUEDA MOTRIZ,0
211204753,"Gear, Vertical Transfer Motor",0
221201192,"Head, M10 Ball",0
221200952,"Box,Horizontal Brush Gear",0
221201322,"Bearing, Auto LB-22-28-25/33-4",0
221202812,"Rear Air Pipe,Istobal,P/N 2985900",0
221200934,"Drive,Wash Gear Box",0
211205652,Plunger Seal Kit,0
211205784,"I/O Module, Supports 5 DPLLD Sensor",0
211200953,"Totalizer,Electro-Mechanical",0
221201257,"Receiver, Long Range Photoelec.",0
211209099,"Nozzle, V/R Vac Assist Alum, Catlow ICVN Series Blue, Gilbarco, P/N : M12651B013",0
221202823,"Rear Fairing, Blue Color,Istobal,P/N SP010370",0
221201330,"Unit, STP Water Recycling",0
221201497,"Pump, AP 21 L/M 80 Bar 1450 RPM",0
221201326,MOTO-RED.TRASL.PUENT.220V-50HZ,0
221201610,"LED's Lamp, Yellow",0
221201153,"Motor, Gbox translation verticals",0
221201350,"Signal, Led Stop",0
211200503,"Lights, LED, External (ATEX), Fuelco, P/N F-WOQ-1013",0
211209098,"Interface, Vaportek, Gilbarco, P/N : M12966B001",0
211100325,"Valve, Overfill, 4IN,  4x5 ft, VAPR Tigh, FIBERLITE, P/N 71SO-400C",0
221201140,"Board, A9",0
221201170,"Adapter, 6-18"" Straight",0
211201122,"Breakaway, CATLOW 1"" Magnetic",0
211208622,"TLS-450 Plus CPU, Gilbarco, P/N 333457-001",0
211201135,"PPU, 3 Grade SGL LVL Kit",0
211201160,"Yellow Guard, 1IN NPT Inlet Nozzle, 1-3/16IN Spout, OPW ¿ P/N 7HL-0900 or Hockman-Lewis, P/N 503010N-05",0
221201512,"Gear Box, 230/400V 50HZ R10/130",0
221201455,Fan Assembly,0
221201171,"Adapter, 8-1/4"" Elbow",0
221201174,"Adaptor, 8-1/4"" Elbow",0
221201510,"Plate, Function Control",0
211205776,"Nozzle 3/4"" BSP unl. green 2P SP, FIBERLITE, P/N 11ALPI-910L",0
221201240,"Module, Profibus Master ET",0
211205747,"Gauge,""OPW"" Mechanical Tank Mdl.#200TG-MET",0
211205731,"8463 MAG Plus Probe Kit 3"" Diesel",0
221201648,"Handle, Flush",0
221201333,"Assy, Active Foam",0
221201152,"Bearing, 2"" D30",0
221200943,"Chain,2""- 3251mm. Conveyor",0
211200979,"Old Disc-Valve, Proportional, Gilbarco, P/N M02227K001",0
221201682,"Wheel, Guide",0
221201354,"Sensor, Ind.B35",0
211200939,"Valve,2 Stage Expl. Proof",0
211205732,"8463 MAG Plus Probe Kit 3"" Petrol",0
